<?xml version="1.0" encoding="UTF-8"?>
<!DOCTYPE suite SYSTEM "http://testng.org/testng-1.0.dtd">
<suite name="Sanity Test Suite" >
    <listeners>
        <listener class-name="main.dd.core.util.listeners.SuiteListener"/>
        <!--<listener class-name="dd.core.util.listeners.ClassListener"/>-->
        <listener class-name="main.dd.core.util.listeners.TestListener"/>
    </listeners>

    <test name="Login and Update Profile Test">
        <parameter name="customerCode" value="Peter"/>
        <classes>
            <class name="testCases.LoginPageTest"/>
            <!--<class name="testCases.ProjectsPageTest"/>-->
        </classes>
    </test>
</suite>